acctsessionid,acctstarttime,upload,download,acctsessiontime,callingstationid,calledstationid,calledstation_ssid
0,fbfe95a31b975faa4b79968f95d834f2204ff050c4cb174fc2222ce906378b2a,2024-09-18 14:00:00,0,0,0.0,412a9bf588f4a609cd8e4c8fc8b69482d6f69079f274de5f467f83e95b181883,e0c8b4c72e48ff3726f36a987f29bab9b3d718646b3a6e7add248afb5fad4e67,eduroam
1,7330b1f18b414f72c4895700952fb9f2f5aa4cd3c15369f7b030466fa65d2354,2024-09-18 13:00:00,0,0,0.0,d5f9cf3d6db078eec48f1f235072ddcec82917cf70aca70543d1a6bff104db5f,7b85b2daca64da5d39240d583c6097589a9a5dab4215b0d496e605425549b725,eduroam
2,8efbb33c1a4b95f434e75cde462caea6dfdf964631744fb886e1d82542af66ba,2024-09-12 07:00:00,0,0,6.0,a1b5475191cbe73bff8f88915727f64975a0fd3927337fbc54d21704234ddafd,bac16ce82d2706d6346e3929a1a46b4fa8c23af51daa82a3ca189303fee577bb,Porto. Free Wi-Fi
3,429785416485c487d271060e329442b10e1b965621dc17db3160a30f0923cfbc,2024-09-12 01:00:00,2,30,32.0,67004872f49151a450a1a06a7b2e9759f247cc87c718fb264782dd56d4155019,a624b94f6637ac8e51fab1d1d6bc1eca5c8949e4e57783ed2b1d95da5a477902,eduroam
4,147932564d4a91bdf901570a3f379158e0efe674ac55d40a9e343ff0140f3ce5,2024-09-12 02:00:00,0,1,6.0,8fead2e516c0315a13d8a826ee4f0c1e74a256d689a895f553657655bfb09fac,610f3720cc37d9195ab25e780f36690113624f19039fecbe5e5f802a353eb889,eduroam
5,5109bdc480b7e02f4c589b9464c212dd7cb0a58d2f451e875b0c8789a9033dfb,2024-09-12 04:00:00,0,0,4.0,5b3444cee9d208d16b9e37d45618da574e34a099c58ebd330e11d02633e2b6b3,4478da52949880faf96f52de1c6a97ec73f8980735d59009708c43ce3238fe97,eduroam
6,376bf4124574ee11e5036d193411468f90185ca1fb8ded11bcf457ad6fa25f82,2024-09-12 02:00:00,0,0,1.0,2589b76678bc124fbb9a2a5a278ac280711b23fa7d040ebffd379f0160c2fa90,a2ef7a1d5bb66c4a1c6bd5bc8567fb760e9a38f94ae1ca099231e19ea729c09b,eduroam
7,7e247fd494ac5ec4c9f076a1e4628cd5837e619f07e0bd5f59e496693b37c17d,2024-09-12 07:00:00,0,0,122690.0,30519f9ec479c213fba27de8cecabbe743561ba61de0ac9e253e5c8b60a8ac78,3c3d76861294fc3cc91f24bb4371475d70d7c031098fb67fbdcd063fe5ebe4c5,Porto. Free Wi-Fi
8,ce61d7deda01f237a051aa2dd47ad0f312eabbc88f6044fa2bfdd09051f4d67b,2024-09-18 13:00:00,1,11,13.0,df1edd77e7260f75aa089a163c65378aef54fd724f8a9899e381be29dc2b7801,5af1d341577cfe5b6b1372e77a8671d38e705b215108ef02f974cfda95f6f6a8,eduroam
9,30ef8f67975d8c6f61f17793de733426e9d259a2620dfd299898b95fa52987d0,2024-09-12 05:00:00,1,20,5.0,4fcee32e0202dd8bd511817b5ac92d2a15d4eb7e71d198a3734fef329563c253,7098d542da8d31155917668e73784783715228171387e1fd33ca712016827663,Porto. Free Wi-Fi
10,d8eb2d1c308c670c9bbb3831bbb7f95d4d7cc72117a509ffe3706d682e00c106,2024-09-18 13:00:00,0,0,0.0,721044da2499f5915c622045e9e32c9bc8dec18fd5f31cbb04bc6d280bbe46e7,b2db1483d4b964ef35025f023ec5c710ac90f593e025e8e980396531cf1f7fa0,eduroam
11,2683176e413c34f43c995464259513501ef86b218aa78a10de87c735be2b9f4e,2024-09-12 01:00:00,0,0,9.0,ca8d05ed6560709d572b4bf93761397e3458ba59a73c05a1b1c0463225c8db40,0aa49fdeb89f751e939a0e7f9a7bd64f70684db8a0cf46ac6598c3ead64eb17a,Porto. Free Wi-Fi
12,0e72705d3b4993fb8bdd773c7127c02e752662ff2b0311fa77017c41b64bf4f1,2024-09-18 11:00:00,0,0,0.0,5d26f62b0e34769cbe5a892471409371d33b57a2bab433c012b2e3f7c37219de,3708c679d35a55fb3ed4d50b080e06fd4ae8bcea9b873872d059a239a753d364,Porto. Free Wi-Fi
13,45a91e82899156546d571eb1b14256d71c85fd0700c7c4aa4ac2d2512088bf6d,2024-09-12 01:00:00,1,1,2.0,18598e109c3d2196276f7245e655044e2afec5630aa19fc2954e9869c6f432b6,a624b94f6637ac8e51fab1d1d6bc1eca5c8949e4e57783ed2b1d95da5a477902,eduroam
14,e70c98ad46cd7819d96cad518b3ba96d286a7b62e2b427d93453a2045bf15bc7,2024-09-18 11:00:00,0,0,0.0,b07d8d0788187c1a1551b1c095435124ade3aae33e7497f5e054f27229aff039,f7e65d06ecc77fb0b1d76fdcc33f153f56f2d6a5c8f69953cbfa10cc3c911738,Porto. Free Wi-Fi
15,9ddc155ec51fe2fd5a40b96035354713d33457b04f2f78486bc87f800d7bbbaa,2024-09-12 05:00:00,2,1,30.0,c9991033c7a00d1c7b797352d279a68163e5849ae942753f08e47081df200ff4,0c1d109fd5305082f00fce504a5008365d73b5e3f84069ca689d7d20c3b3d7eb,
16,bfee95d5fab78673bf4438cff8e0b4297da16286da369cd91a4ca582a77f0e71,2024-09-18 10:00:00,0,0,1.0,fbd7448297a3528b009e6f624b2c2db3549b93fe019d3258fa4695310504130e,43f33e10bf0145209ef98de0636be3023fe3521e16ec64fd4ad09b7d8216b166,Porto. Free Wi-Fi
17,35b9e7e136b1781b662bd52dddfcf5cfbca34841e58c2b15d10ab20e2a76cdb3,2024-09-18 10:00:00,1,4,4.0,c8f36860d8f79e45a6263b1227b6c71ec1f52459fcdfd24fc5c7ed5466427c2e,610f3720cc37d9195ab25e780f36690113624f19039fecbe5e5f802a353eb889,eduroam
18,b920b9217ac6a87042e23053b86cbb224c087c0a81774f3cad3afd427b22b89b,2024-09-18 12:00:00,9,114,131874.0,6da015927b86857b93a500e838b46fa83dce790a0fda45223b12a766fb3b1a2c,80f53a17d387709e24f5c4419cd423056d46d6797d051b62933e6c39139ff810,Porto. Free Wi-Fi
19,d5b5edf659b455da651816aaa404ba63124d7c63d9737c9a4226d45000e242cf,2024-09-18 11:00:00,1,4,15.0,401fd7132169a1e0f562559ea13a9e06f4a1f358efcfb966621476614a0b5324,17c434b0737e4cd9cee9589874cf7659c78b84861080bca2eac6b74f48180740,Porto. Free Wi-Fi
20,f4dcd739861257287949d7c4e2e4973a44e93e7ec5961ec2103b1496ce86f573,2024-09-12 05:00:00,0,0,1.0,0fd9cc95e759275ad68a509605bdad06484fee815685d0e0358ec08b46928949,ea2e39e0d32082b803c0100edc002f8b011fb9381f725fc2867ba7fab23237f1,eduroam
21,0ef70719537f4ede7cf718703dba923a7daffea46acccd5a7acfdf2d3bee967a,2024-09-12 08:00:00,0,1,3.0,15f303ac974b4b2cf8180654a4bf91f041da31bb4f80fa46d808729fb8eb804e,01b7675673222f705ae8a4d45494d68ae6be119280eee9dd43d42df8c57f9118,eduroam
22,f1385a41e8034447177211466a03fbe1f4482f718753b42fbe43573352ca6b75,2024-09-12 09:00:00,0,0,0.0,590046371598e351fa507099c90f5aebb68b32a00bb6b29af51e8cc3d5457240,17c434b0737e4cd9cee9589874cf7659c78b84861080bca2eac6b74f48180740,Porto. Free Wi-Fi
23,4826b50f9ec7cedecc9bf40ca3209254df2991038040cf39a2b58d8738c5b57f,2024-09-12 06:00:00,0,0,122913.0,9019ab63db9acfd218c598dc07fd9937afacb4219aaad9f6bdd1b2095aa951d7,3669f4873a72f586b6f59aab1cca06629a9c96a583b4c6ec6b600ff67f332a09,Porto. Free Wi-Fi
24,6614f914db697c312c717884ab12bc1897a195f04b286ae1c0b1da2038495864,2024-09-12 11:00:00,0,0,0.0,4a14dfdea1914613d2709bdab544a87ee9b9d933adf7353d6a813ddd534442d9,6f2ed2e71e167341cbbce4447d8a9065f8370294352f1847a9b777103516a02f,Porto. Free Wi-Fi
25,c1982515c5f8d4c35094a0ba0f7ec4249cc66756746f6fe57bd7af53691a7061,2024-09-12 05:00:00,0,0,3.0,a3b6bc93e7dc88a883798df5aa5725a26d741809603c6eab25236d29e8807013,0b547614f0c8f2cef2d23e2787617042fe4b42aa008c4a9e31c8614ae84d2109,Porto. Free Wi-Fi
26,ffa6fdc1c1d7c5652b9495fc3402dffa002b7bfa5a11c67c4c8797da1d91b44f,2024-09-12 06:00:00,0,6,122920.0,b6c3409bcf10ff4a62acc9559c329a5bf206447227e238f40864b73fb63f91d1,f14830e965badc5726c798d976301411a21b877378cd729e36eae2acd63ab8ff,eduroam
27,dd3d0c96334d8ad6bd0d1aeac6c39bfdcb936576142c3506c6d2a42cb5adea81,2024-09-12 10:00:00,0,0,0.0,67921321b8b9bb123aefc547425db13096d41b0768de603b906de2aa42a3ad9b,b5fcffa8768a09dd24766b0d01b15491306cd47feac39804e77e5cb1b7df0fb0,Porto. Free Wi-Fi
28,e409fdc6a769229c1a08f624ec559a8d8495f68951b44c9358635c27c34107c6,2024-09-12 06:00:00,0,0,0.0,302dab9a46f5e2bd5dc3aea99cfc19b869212774aae34a37d8bb0a454667b6bd,87799b0b393c42088b6afbaf683cd455f1be1406a56b7043deb40b0cf2c63302,eduroam
29,35f53765a34262bdbaf5d2a364be1d0b27992d96c3d81720f4b89b668bfa6974,2024-09-12 05:00:00,0,0,4.0,3d9a7d4feed10409e14d240fc82696222e259a5c80698ab50cf1fa9b37ffe781,edb515855760a3a638384bf965de128a371a40e07dcff672c8f15fb6f3aa1d8a,eduroam
30,a1841a55181298ae8edfdaafc072be05f916ebd7f55a9bf1f7e59843c1e456a7,2024-09-12 05:00:00,0,0,1.0,0aa1f4f53bde47e6f73d2d50c3d322827cde7ff60b53cec5e71406a5def26539,0aa49fdeb89f751e939a0e7f9a7bd64f70684db8a0cf46ac6598c3ead64eb17a,Porto. Free Wi-Fi
31,7472f40fce71928a7f538d2613b811adbc9257c93bc20b8f1c33ad2ded3998ec,2024-09-12 09:00:00,0,5,7.0,8a971cab54a0c7c864ecb65cfda78cfe6327634341d76da0eb9ccbaca490a9fb,a1227438a31bab078b9b4f9b32a97ab2d09a6fe301883e2be92a481adfd0c546,eduroam
32,5d6d0e9802c30ba5554a13cd4080d5aaaa8880b21a033a6c8e1ad20fe8dd496b,2024-09-12 10:00:00,0,0,0.0,ad0ce43d2f4ae335c97d6cbba97a64509739ab2e9717d893ddd4eaeb842708c9,6f2ed2e71e167341cbbce4447d8a9065f8370294352f1847a9b777103516a02f,eduroam
33,e409fdc6a769229c1a08f624ec559a8d8495f68951b44c9358635c27c34107c6,2024-09-12 08:00:00,0,0,0.0,302dab9a46f5e2bd5dc3aea99cfc19b869212774aae34a37d8bb0a454667b6bd,2891d2862c2b603d136c41db8c02b9814e621c7129d18a0a080bf4c25b82ddd2,eduroam
34,01592c570c69ab20808c16a193aa3b469f4630f5486dca5b0911eb2af04477ac,2024-09-12 06:00:00,0,0,2.0,f99fed9412f03bd3befbb9a68d350dc37c313410ac49111fb59a878a0ef039c8,9f0287594c9476e9447c91908c23ac5f80553513ad9a30eee1a49381999958d9,Porto. Free Wi-Fi
35,536b8a50d1813e1f2b948bf5644e8365d4182bcce2b4d0999da692eb3fdfc9b3,2024-09-12 08:00:00,0,0,122921.0,edc722f815b8924a7749ecdcc882fe9a66ea706fa9541690e9536b22b95747f0,ae31ca9dad4a810d912aff03006b19f769f9dba2302d54f6faf2821d7111007a,eduroam
36,b39e27c866fe0cc9ba29399831e1f8dea6a43b89bd1bc488ce584f36f871e772,2024-09-12 05:00:00,1,2,4.0,7f781053d3c4934d3da8f730e1549e2669b424e36b5407ea67c8e98febdabab0,71356742cba9643b7ac2be2411b3bfe66f89ec664847a51bdbacf31fd03962f8,Porto. Free Wi-Fi
37,a86d875142a03575551643258798ecf39d266f21f28cefea42bf198dd83e5b8b,2024-09-12 06:00:00,0,1,8.0,17428f349d7aa3b3c212137f83c7d160108634c25ba13af0bd47191a31ca5c53,ea1a7dd037f1871ad84ebad64fbd1dd27a290cfbf04c8e4b5d2e9356bbb7fbb2,eduroam
38,b82a8459e368579ed273ff42bbeb928a56d6e45f94b4688ce93a6ba928bf3912,2024-09-12 07:00:00,0,0,7.0,d3248932c1bfe4b5447c7d892689a6ba224bd423eb4c0686465817eb577aafbb,6e6acac95fc2fe18ee7ec004a3a6831b69d5adeee50921719f996529aa9910ec,Porto. Free Wi-Fi
39,a955a306a96b462c96f22be36b1043786bdcfc99600538be4b2e347762c2d649,2024-09-12 08:00:00,0,1,122922.0,b88cf616195adab5834d460ac5728172aa6ee2108948e899a700f54ecbf2f2a3,4f6dc1d796ba1733b53641bcee957694bc26bf1426f03d0f8e2a2471c9e6c927,eduroam
40,9344271895a8e7646bef0ff085d66c88be13eb1d90566a1fda942aebaee5dcd4,2024-09-12 07:00:00,0,0,30.0,3de6d44664165c4f5be5361066530dafe7820851ca3688bf63e58982da78fa42,d975d47523a8cf49897135f4fecedb30b8edc4620f49440af0cc1032a7627b75,Porto. Free Wi-Fi
41,cc294f1d1f00ab69309e16ada3a2e83b5f173dec0f5a5df23b8f350cf79ab4b9,2024-09-18 13:00:00,0,1,3.0,a527cd1a24c062334942edcb0be0685a50f056480c98d83495cb3ec1d08cfead,87799b0b393c42088b6afbaf683cd455f1be1406a56b7043deb40b0cf2c63302,eduroam
42,f4dcd739861257287949d7c4e2e4973a44e93e7ec5961ec2103b1496ce86f573,2024-09-12 01:00:00,0,0,2.0,0fd9cc95e759275ad68a509605bdad06484fee815685d0e0358ec08b46928949,2b40944c1952a453ce5b81583ff3c9d1f83d4e70a6cb00cfd673bbc3f99d0a77,eduroam
43,ff26fcfb90c389aeb4364277eb5ff22bcb97067694ec7705bb8f5e51d0ea0025,2024-09-18 11:00:00,0,0,0.0,5732afe6a5ed1c2d160eb3064dfcbdccb042ea24be6e231c72e95e75a2c50432,c93e99cadba03fbe40913017b7b7e0485091728f5aa73b869eb08495ca7a4b05,Porto. Free Wi-Fi
44,f4dcd739861257287949d7c4e2e4973a44e93e7ec5961ec2103b1496ce86f573,2024-09-12 01:00:00,0,0,3.0,0fd9cc95e759275ad68a509605bdad06484fee815685d0e0358ec08b46928949,54b65577b4911dd3f5bc71c8c8253252789c86938ca650783a8967bc09b2aae7,eduroam
45,49b5c8480f5359a76d3e34a9ddcb8b3700d46ad2e81cf428ee7a543ee86cebf2,2024-09-12 05:00:00,1,10,1.0,9f94a63d538f934573b9d681e667cfc927181a346766ec9abe6a2dd85986e491,c179b136c67ce3996bc38f2684531969dda73ac0ad8e319aaacecdf97be04d43,eduroam
46,037d86c80138f08dd8d1f084e27e53b971ecf82b9dd43ab475736b00b9df23cc,2024-09-12 03:00:00,0,0,2.0,f37ff9296aedaad321c766f8475ff452be8cff01b4f907df7906265c1de16c54,72e6bc264a984ebc78efaceea1dd34f83af566c3bfb35043e7b7c8f8821a4309,Porto. Free Wi-Fi
47,e146b76e290ab2d8ac2bfa64af291b98b1e64c8c4f6c07a6d90698f8ea48f01c,2024-09-12 04:00:00,4,134,3.0,cdceb06ef935e436877330bdeec829d28f494068a4d5b4aeb113192348b8bd39,a624b94f6637ac8e51fab1d1d6bc1eca5c8949e4e57783ed2b1d95da5a477902,eduroam
48,2fd046b4443c5286517702ad7e4253e055b447dcb042ef88fef4fc2ebe58d340,2024-09-18 11:00:00,0,1,5.0,bbde47075eeb0e58cdc5770baf2822b8ac00d05a66c699ea5e140dd4263e0143,6f2ed2e71e167341cbbce4447d8a9065f8370294352f1847a9b777103516a02f,eduroam
49,eabee25e8fd826f7d1fea53071513f42c090867104affa2fa4c003464527fe79,2024-09-18 13:00:00,0,1,4.0,bcdc1d7e17dc97d58edd396a8227b4cc36bf16d1c3d1aeca6b5a95f2efc167ef,3f96d689d9ff0c011de39cf41bddbdf8a3e11995926cdba23ca63120fe216653,Porto. Free Wi-Fi
50,37228828dceec13539c570245baec98d4ff418640d3cc5c6236393599633fda1,2024-09-18 10:00:00,0,0,0.0,810c181c16f759594d8d601936118138cad743d69ff9fe8af86deb500171f843,1ae875b94679f3bad8501c335fb784ba32bdb01e7640464fca31714c23007c69,Porto. Free Wi-Fi
51,833ff3de7303e416caf5e8d7891cdbfbfe34cb1d6c35f9745dc35c561282e352,2024-09-18 15:00:00,0,0,5.0,e2c3ba64ac0c55fbb8615b1c54a45cc28c4849b9150758b807aa97c6f4143040,5f40b808ca6863f029891afc87551bc82cf8501d880568942130d5619830f613,eduroam
52,cf36fe4b3f7928fa373a4595ba57b10444c4821b02b7d34da75b52b1312f6739,2024-09-12 06:00:00,1,0,0.0,927649f7c57c40d61584bd801eed11e2a624f108df6073b16b7e9564d03e3e6f,c5b75ca3821a19ebbaa99bfd055b16b36ef85c479c528735f86b6c24eacbc7a1,eduroam
53,3ae3cf7f2bf48aa4879e722a545b2ff6655d4ea19255ce756a6c77fd62de107a,2024-09-12 07:00:00,1,1,5.0,96af4d117aa49718d3330b1798bd20bc56baec2916689c98d50dbe5848495e12,c179b136c67ce3996bc38f2684531969dda73ac0ad8e319aaacecdf97be04d43,eduroam
54,242c4ed3b4fa4267e37070a37f2615ec3be06a6a4f37e205f9cfee7ca8e3ebc5,2024-09-12 02:00:00,2,33,15.0,368a2f48d20fee118076ed5b69009d4e90608f27668b3380edd50a22d3aceb84,655aa3bff00a3c6761d7990d6ae18ce4c306f54c19a77ad8c03333fd0f9000d1,Porto. Free Wi-Fi
55,91ea517a42d3e3a0b6d40becd5dec5f25881025fc9dd8e986f33090b1ed32321,2024-09-18 14:00:00,0,0,0.0,02ee8087e74a404edb9147a59c59139af6733c798ca7b0d36e26e4f0a963d243,71356742cba9643b7ac2be2411b3bfe66f89ec664847a51bdbacf31fd03962f8,Porto. Free Wi-Fi
56,6ba34740a11ea102fcbc35dad37e626ed8dad378dd9b30ab1d8af3d4fdc907ab,2024-09-18 13:00:00,0,0,131853.0,4a1387e9cea907846e057df19fb904eac30e196bcb053a9e8fc622c13a633a3a,1786a505efa9f825a5a3cdb6916a2c619ee90342d0c708cbaf9afc57c8747f6f,eduroam
57,a070b9aee0ff7b4c3522311acbaae40fa02bb51d379144a8bd194a59c8a1cf01,2024-09-18 16:00:00,812,38,36.0,3b8d9d659d71efe03ca88a893ff317d97bae4c8b6857b522df8df2b534a99dd9,6f2ed2e71e167341cbbce4447d8a9065f8370294352f1847a9b777103516a02f,Porto. Free Wi-Fi
58,a9303840e9201fad14397c691797e66928e63d127cf3e42b2ea6b84e5d11a8e5,2024-09-18 10:00:00,1,4,3.0,5a04c69dfb879f894fb14db3803535d1d57eec5d5cf23da46459788556b60dec,000a9b5f3e9924b838334ddc856fb44e865abff86f6ef27d4297d10436481d33,eduroam
59,0242b7c85f1f082a1b8e4842503dea5d76f98c72af46e400e92904409cfee587,2024-09-18 13:00:00,0,0,,0c39dcd22d4d3a6f375561048008b81487d59a3a5cd3226be6f01eb517da89d4,363084153a810f329c1ae45f29fe4c8e27a782d0860cc69c23ee7248de994a74,Porto. Free Wi-Fi
60,27dc5a53144f96ebf0fab5e888d199543521ef522cc6e4f1e9f42247ef9e2f31,2024-09-18 11:00:00,5,156,131879.0,e9bf410cb9f159875ddaddd3f556dcdd869beccb258327d7b2fa3249f6b2ba89,362c1f85d76f64d050485e5480e9519600bf637f20b8ec13faccbabc9860d39b,Porto. Free Wi-Fi
61,71e725954b011197b41b25a7f978758fe4a9f8833942c4b08d36a74929de1cd9,2024-09-12 03:00:00,0,0,0.0,ac4269e53132c184187cbe5f0fd616cebd4f5f6f8700d8e1eed261a4c9fbdfb3,4478da52949880faf96f52de1c6a97ec73f8980735d59009708c43ce3238fe97,eduroam
62,b7448b232a5b58d4bc5854d27ae2ddfbe6175453ae7b33650b444d2cbc7754a0,2024-09-12 02:00:00,0,0,0.0,aff5b7218430106765dad78c04de81fdbb3dce02e7c78be970ad3be3a50c5ba8,4cad16c07e8c4d222c35d87e0e91ca7f748373f1733a74e0cd7c6e2a295726b4,Porto. Free Wi-Fi
63,49b5c8480f5359a76d3e34a9ddcb8b3700d46ad2e81cf428ee7a543ee86cebf2,2024-09-12 04:00:00,2,18,4.0,9f94a63d538f934573b9d681e667cfc927181a346766ec9abe6a2dd85986e491,4478da52949880faf96f52de1c6a97ec73f8980735d59009708c43ce3238fe97,eduroam
64,30ef8f67975d8c6f61f17793de733426e9d259a2620dfd299898b95fa52987d0,2024-09-12 03:00:00,0,0,0.0,4fcee32e0202dd8bd511817b5ac92d2a15d4eb7e71d198a3734fef329563c253,17c434b0737e4cd9cee9589874cf7659c78b84861080bca2eac6b74f48180740,Porto. Free Wi-Fi
65,231b5757783e75073599d7473385f1cede006da822a51e6556e7c063dbe20b8f,2024-09-12 03:00:00,0,0,122667.0,f37f5b4325ebdc2d6f6c8c88ae63b5fc6c63fa83c17861ac6a5b9971f5e04fd6,8f23d968556eb79aa136acb7fd3dc84798e43dd6e1f1aa1fa963083570918dd3,Porto. Free Wi-Fi
66,a7b3168e56f095f9aeaa3c64d6f7f9a78863c380bb90df01a5b460d3d46ab589,2024-09-12 07:00:00,0,0,0.0,5f894c49e92a470a9a6640206e2b2f939ff3346b0db6b24f36e853ef10514f9e,1f0e40ed226098605a8b5ba0fb68b628913aa12f56c899a8d0b80acccd980f3b,Porto. Free Wi-Fi
67,b3e32c75d1e0e67ec95979e722b8c8865da7dc956e2f2babe3c48d55df676f47,2024-09-12 02:00:00,0,0,6.0,e6dacde7d117bf71b66781e5afb89f35d5b2d46ad47e3fcaa1e71a6cb8e8e233,90262c26680d2525940e71e2cdaaa5604f5844fa4dff93bdc3d4d6bdb9620c9b,eduroam
68,30ef8f67975d8c6f61f17793de733426e9d259a2620dfd299898b95fa52987d0,2024-09-12 05:00:00,2,21,10.0,4fcee32e0202dd8bd511817b5ac92d2a15d4eb7e71d198a3734fef329563c253,81fc66ca77e56b922c0f76a5af15bd7db07849296f6eb99db7e709feed9d890b,Porto. Free Wi-Fi
69,747b631c575a16bd54d9d452333dd49164e3027c122acddcfe638db2c4e0ff13,2024-09-12 07:00:00,0,0,0.0,aff5b7218430106765dad78c04de81fdbb3dce02e7c78be970ad3be3a50c5ba8,4cad16c07e8c4d222c35d87e0e91ca7f748373f1733a74e0cd7c6e2a295726b4,Porto. Free Wi-Fi
70,ae64f705db43455823c02a904243b538f0bdf17690feb025ab0d7011fe020094,2024-09-12 06:00:00,1,1,2.0,aff5b7218430106765dad78c04de81fdbb3dce02e7c78be970ad3be3a50c5ba8,4cad16c07e8c4d222c35d87e0e91ca7f748373f1733a74e0cd7c6e2a295726b4,Porto. Free Wi-Fi
71,79de9cdb5cb79444772fc3441c6d038f072245b710d53fea68080b955671a9b6,2024-09-12 02:00:00,0,0,0.0,aff5b7218430106765dad78c04de81fdbb3dce02e7c78be970ad3be3a50c5ba8,f7e65d06ecc77fb0b1d76fdcc33f153f56f2d6a5c8f69953cbfa10cc3c911738,Porto. Free Wi-Fi
72,49b5c8480f5359a76d3e34a9ddcb8b3700d46ad2e81cf428ee7a543ee86cebf2,2024-09-12 06:00:00,6,53,24.0,9f94a63d538f934573b9d681e667cfc927181a346766ec9abe6a2dd85986e491,99f2a505a6dd020059758ce68eb487950642769def00d9a13615644dd1416e78,eduroam
73,ae858a640699ad48c97074817948160d107adaaab5c5b209ea39ca209fc591e0,2024-09-12 07:00:00,0,0,0.0,b2de52c6baaee64f2e9269077bbf78d0bfbac0cbf75620cb25051981f2337677,011af1da43573fdcf8102678c4d1dac93ca550e35cb25d21740bc8c443a4203c,Porto. Free Wi-Fi
74,91f8729c5628ed22a22df90a3d1c1615f62ed95c0453e4f3693d4d7d362ca5fe,2024-09-12 04:00:00,0,0,3.0,aff5b7218430106765dad78c04de81fdbb3dce02e7c78be970ad3be3a50c5ba8,a9623ebc2984a20de78d660be9953231f9a2357415fdaca372ac8480fd811ae5,Porto. Free Wi-Fi
75,7d5e3e642d8a383355065ca8691d87247d1b720afdfda276dc93a47579031ecb,2024-09-12 06:00:00,2,2,30.0,c3abbec933a0904e38506234a77ebea39870d8edec201bba47c3c93b97f8698d,96aeb7ed34416bb1891ebdb2d7727fb111549b6faec1202f65e5dc2de7cd3c63,
76,8e2d0491e88190712877f498056424015f042bd2472e9c0d6333b685b73d1ed4,2024-09-12 07:00:00,0,0,6.0,67e7af7ec374a5b03b1407237260e1968f1c6dcda863faa425d3f55f1f4dc632,ffc01f84f32e65f9201d802c2d5e0aaf2b04efd87241735e31469b8e302bbce9,eduroam
77,1238e867d73104536b5a535b2e5d68d3d24f5b9e04541d96a4508027cdd714dc,2024-09-12 07:00:00,0,0,5.0,4624dcab41f711701825678169090ba41b513a8022d587d05facaa7ccbea660c,a9fe5a7925c5a026d9148a8b48989ef93d09134ad235d2b673ec879baa8cb951,Porto. Free Wi-Fi
78,d2182227c061333713be1e646eb0a73a64c2a56f48172cbf06284343ad3297bb,2024-09-12 06:00:00,2,79,30.0,64bd2c489ecd65346f6a4f92f7bb676864080a13fe9d357dbf0bea57056aef4c,6b9f9bc0414773e591a14f21234e5773012f1274f7c2286f02a823c380dcb340,
79,617a564bc9cb1cafeed57b64261365af9ecd14a11d120a5a90901abe96ac3ae6,2024-09-12 02:00:00,0,0,30.0,83a6ddfedd324818eb9a1908f9883df870f799f8766419c0fee076065954e88b,eaf31d80997b02ba6ea771a4ce4363fe640a921f47284f788f2d1c907672f01b,
80,49b5c8480f5359a76d3e34a9ddcb8b3700d46ad2e81cf428ee7a543ee86cebf2,2024-09-12 05:00:00,0,0,0.0,9f94a63d538f934573b9d681e667cfc927181a346766ec9abe6a2dd85986e491,c5b75ca3821a19ebbaa99bfd055b16b36ef85c479c528735f86b6c24eacbc7a1,eduroam
81,7e247fd494ac5ec4c9f076a1e4628cd5837e619f07e0bd5f59e496693b37c17d,2024-09-12 01:00:00,0,0,,30519f9ec479c213fba27de8cecabbe743561ba61de0ac9e253e5c8b60a8ac78,699e73a48d40a6bfa12c823b48f627f6afe8c007efae138b841a1a091e49be02,Porto. Free Wi-Fi
82,e651d2094b7ae4933099667ea8c0434b01dd9586983ae4c340eb16b53e56e46a,2024-09-18 16:00:00,0,0,1.0,7bb15233faec7e36abb5923fc8280e77d817363d0360b746154ec3c2afe6e775,b7484be9d82f15a9cf0cc967b21931a60afe085c467bcdb725c21d39878276fc,eduroam
83,643793ade91bb23fc1279a55279619f5a60d6560dad876a30ae1f93136a1ce51,2024-09-12 07:00:00,1,17,1.0,aff5b7218430106765dad78c04de81fdbb3dce02e7c78be970ad3be3a50c5ba8,4cad16c07e8c4d222c35d87e0e91ca7f748373f1733a74e0cd7c6e2a295726b4,Porto. Free Wi-Fi
84,30ef8f67975d8c6f61f17793de733426e9d259a2620dfd299898b95fa52987d0,2024-09-12 03:00:00,1,21,6.0,4fcee32e0202dd8bd511817b5ac92d2a15d4eb7e71d198a3734fef329563c253,81fc66ca77e56b922c0f76a5af15bd7db07849296f6eb99db7e709feed9d890b,Porto. Free Wi-Fi
85,8d8db23f9005938740ae18fc5aeb6684b3a17ac4be64d8d7a4bb147f23f38fc2,2024-09-12 02:00:00,0,0,5.0,aec60bd32fa9a044b33df1e2252a7c625d30f4b2653b7e8819be5edf5054c0ac,b715b6d508f3617aeffc2c727c60e5e02c05a0540bb88a54b74d401c16708f63,Porto. Free Wi-Fi
86,a47069e91e4b8a4135cc59187a50d25f850b750fd89c2afcc09cf8bc8a6e9e43,2024-09-12 02:00:00,0,1,6.0,def605e6f8fbcc038a318f863da9c48b8768d53fc0c27860af261651317b69df,a268e2c4b81aa4242e17b0a37dfd7912efd93b8bc20c052caadf582b59cd6a6f,Porto. Free Wi-Fi
87,b9d44557655f4f0299d32aea98ea43bfee7d448bd13181a13b35ca60510dd2cd,2024-09-12 01:00:00,0,0,1.0,aff5b7218430106765dad78c04de81fdbb3dce02e7c78be970ad3be3a50c5ba8,a9623ebc2984a20de78d660be9953231f9a2357415fdaca372ac8480fd811ae5,Porto. Free Wi-Fi
88,00a441b6b8ead897ac8c87a10faa1fade029642b71349fc0cc73c130b7932d41,2024-09-12 05:00:00,2,2,4.0,18598e109c3d2196276f7245e655044e2afec5630aa19fc2954e9869c6f432b6,a624b94f6637ac8e51fab1d1d6bc1eca5c8949e4e57783ed2b1d95da5a477902,eduroam
89,00a441b6b8ead897ac8c87a10faa1fade029642b71349fc0cc73c130b7932d41,2024-09-12 03:00:00,2,3,4.0,18598e109c3d2196276f7245e655044e2afec5630aa19fc2954e9869c6f432b6,55c24a0bff87ac512fbf718e87268746109015ee49e3ea30ae434da6f3b8655c,eduroam
90,3fb4d6d013e0ce0df1df971be674a6e36ee9b96e73c8ea97cbcbfd0044a9e0fd,2024-09-12 01:00:00,0,0,0.0,aff5b7218430106765dad78c04de81fdbb3dce02e7c78be970ad3be3a50c5ba8,4cad16c07e8c4d222c35d87e0e91ca7f748373f1733a74e0cd7c6e2a295726b4,Porto. Free Wi-Fi
91,643793ade91bb23fc1279a55279619f5a60d6560dad876a30ae1f93136a1ce51,2024-09-12 02:00:00,0,7,0.0,aff5b7218430106765dad78c04de81fdbb3dce02e7c78be970ad3be3a50c5ba8,4cad16c07e8c4d222c35d87e0e91ca7f748373f1733a74e0cd7c6e2a295726b4,Porto. Free Wi-Fi
92,ce7aed353bef890efc2d09dccae1cd76539d99c5f95434aa97dc69cbc4ddf561,2024-09-12 07:00:00,0,0,6.0,c566e9262da59e9159eedee559c0df03507726e1d16fbd9b8fd9a62afd0d1554,55c24a0bff87ac512fbf718e87268746109015ee49e3ea30ae434da6f3b8655c,Porto. Free Wi-Fi
93,0fa4bbae3d36e78fbc8af3b57a2cf99d5d0cd516e4fbba472ec9d1cf59cb3377,2024-09-12 04:00:00,1,0,30.0,990ced9a798f0182f7a6959c7c69a26311e119421abf28f202e12d7dd477b6a4,0c1d109fd5305082f00fce504a5008365d73b5e3f84069ca689d7d20c3b3d7eb,
94,6862ffa0ad08de74715f1b103847c7444bd7fd9b3e4e5c3f864f72d6e2bb0273,2024-09-12 04:00:00,0,0,0.0,aff5b7218430106765dad78c04de81fdbb3dce02e7c78be970ad3be3a50c5ba8,4cad16c07e8c4d222c35d87e0e91ca7f748373f1733a74e0cd7c6e2a295726b4,Porto. Free Wi-Fi
95,cf36fe4b3f7928fa373a4595ba57b10444c4821b02b7d34da75b52b1312f6739,2024-09-12 01:00:00,1,0,10.0,927649f7c57c40d61584bd801eed11e2a624f108df6073b16b7e9564d03e3e6f,c5b75ca3821a19ebbaa99bfd055b16b36ef85c479c528735f86b6c24eacbc7a1,eduroam
96,496392e649d9cd03555f33025f4210c683e81005089328a4ff407ca2995a5951,2024-09-12 05:00:00,0,0,6.0,43ed05818d69034a7b5b48e74ceaa939ce3f2a935c5d6909e1839fb6135c3944,7501b9e9437bf71fc10c363fcbe3fc6c36c5f447f93d22404ddcc41405c568de,Porto. Free Wi-Fi
97,97fa7afd9ba1e853c95aaa88112db37c4d8b7f43bd8a0ddcc833fbd5af66662b,2024-09-12 01:00:00,0,0,1.0,aff5b7218430106765dad78c04de81fdbb3dce02e7c78be970ad3be3a50c5ba8,4cad16c07e8c4d222c35d87e0e91ca7f748373f1733a74e0cd7c6e2a295726b4,Porto. Free Wi-Fi
98,0caa602db0260f075038208f2e680fa557933c4e1ed2749827dbe4c4f76fefa2,2024-09-12 01:00:00,0,0,5.0,be12ba143d676b997156684de448b597e3afb3cb2a3ca6e4f20cbc6b0723180f,000a9b5f3e9924b838334ddc856fb44e865abff86f6ef27d4297d10436481d33,eduroam
99,b4bd8a560cfae9aecbb529e62f6bb532b2d103aae22c2814f94cc70f27e29ae6,2024-09-12 05:00:00,0,2,30.0,fa89c76b09d6613dfd14087b07e22b85f1dd2e60c1cf53af0f6182d4a7b1a23a,eaf31d80997b02ba6ea771a4ce4363fe640a921f47284f788f2d1c907672f01b,
100,dabf4734a7d4708d7023e3fcb5cef64f39e47ec7bcb45d049cbe82580189bb81,2024-09-12 06:00:00,0,0,30.0,60d2abb9040695f942b3e010991954c9004c756cc9d8e369b09ca890a7341d1f,0c1d109fd5305082f00fce504a5008365d73b5e3f84069ca689d7d20c3b3d7eb,
101,da05f1c6d6337f8a188e5050e5b068341a81069d65a5b058c3b9926693c68f45,2024-09-12 03:00:00,1430,1621,30.0,6e31525fae7e4d74a51d4da49b03af477b7d4d3506c50bd063704c858d10d321,49df09b42acd7d44606a5a89ba405390599f3ead3349edab92136c8339191992,
102,858f7a111456cdf6a37cb52e0b0439e256694307c6a7b3c27abf7fe68fcdf4d1,2024-09-18 16:00:00,0,0,2.0,bab5fa18476a31f2cfa2fa6dfd4ac0fbc95515cefd1b3168eb055387dce739e3,b88058e804df91821218cfbafff1f73fb51a2df116dfe7a370501be83eac24ff,eduroam
103,4cc7889be53a91da2f1bbe193ee358ab7e9939128453ad08dd4ff86ff896b879,2024-09-12 02:00:00,0,0,1.0,9c4f18e94ce3edb2e994fce78a88c4293973909cf3235d0bb838b27ef0ebed5d,55c24a0bff87ac512fbf718e87268746109015ee49e3ea30ae434da6f3b8655c,eduroam
104,1523b2bae74a026dd9df8166cc135653958fa9b3ddb2e6cc8f399066d0dc81f8,2024-09-18 13:00:00,0,2,6.0,8ee06ac4132f9d00057fa9358a2bdea8044a5cb749ce49d7435789a8285c492b,4117cecd54cd080ae324a47fecd0300ceb1d3a4affb9601b08d2a6a9bff0c87b,eduroam
105,f4dcd739861257287949d7c4e2e4973a44e93e7ec5961ec2103b1496ce86f573,2024-09-12 05:00:00,1,8,6.0,0fd9cc95e759275ad68a509605bdad06484fee815685d0e0358ec08b46928949,12cafa28850b93463f9cc0c892c18d7c553aee5253d68ef8428767098510f438,eduroam
106,49b5c8480f5359a76d3e34a9ddcb8b3700d46ad2e81cf428ee7a543ee86cebf2,2024-09-12 02:00:00,2,20,6.0,9f94a63d538f934573b9d681e667cfc927181a346766ec9abe6a2dd85986e491,2891d2862c2b603d136c41db8c02b9814e621c7129d18a0a080bf4c25b82ddd2,eduroam
107,5388bd5a77819d309ec2c76563842d0ee46fc98173d5649e15b6e27a39ca8756,2024-09-12 01:00:00,0,0,2.0,18598e109c3d2196276f7245e655044e2afec5630aa19fc2954e9869c6f432b6,55c24a0bff87ac512fbf718e87268746109015ee49e3ea30ae434da6f3b8655c,eduroam
108,88c891321997282f11c7e26cfb5197387c5fe79f9f2600ebbf84927577510234,2024-09-12 06:00:00,0,0,0.0,e053b57523826614b937ded2c13add315aebd115af0f6bb8241d68fc6eefef37,12cafa28850b93463f9cc0c892c18d7c553aee5253d68ef8428767098510f438,eduroam
109,49b5c8480f5359a76d3e34a9ddcb8b3700d46ad2e81cf428ee7a543ee86cebf2,2024-09-12 07:00:00,3,20,7.0,9f94a63d538f934573b9d681e667cfc927181a346766ec9abe6a2dd85986e491,40bf3519cde90d35ae8e5f741cc77cc0629ea8f01b765e737b1c35e02570ce5b,eduroam
110,30ef8f67975d8c6f61f17793de733426e9d259a2620dfd299898b95fa52987d0,2024-09-12 03:00:00,0,2,2.0,4fcee32e0202dd8bd511817b5ac92d2a15d4eb7e71d198a3734fef329563c253,011af1da43573fdcf8102678c4d1dac93ca550e35cb25d21740bc8c443a4203c,Porto. Free Wi-Fi
111,9b266a3b365fd0915e0f7de89e5ec1cc0215bcdf8d406bd7463a4be75858b1f2,2024-09-12 06:00:00,0,0,5.0,6b19ac345c93b82c0e8cd9b038b1ac92b204d805ebea207a3437dbf06cb34b7e,4cad16c07e8c4d222c35d87e0e91ca7f748373f1733a74e0cd7c6e2a295726b4,eduroam
112,ad547dbf89b957036255a3a8e88b0f3d0c247911026efa0aac959b27f49d0f28,2024-09-12 03:00:00,0,0,0.0,c0c8e2ca03529c170760512ce2ae596d6b3497e0254bc81244f2f21ac957f158,a624b94f6637ac8e51fab1d1d6bc1eca5c8949e4e57783ed2b1d95da5a477902,Porto. Free Wi-Fi
113,20dad3b028d7dd76e23555eb4d1e034f5844c0ff6663a0a7bf5837800c54673d,2024-09-18 12:00:00,0,0,,21cf15459cb44fffdf31c3f837d7e973fad8e6c41d1ec6a076f99075ed4abca6,6e6acac95fc2fe18ee7ec004a3a6831b69d5adeee50921719f996529aa9910ec,Porto. Free Wi-Fi
114,5b05b453277afac9e0ad0eaf1c26f7e46999c32925771711436b4c92e1247af0,2024-09-12 03:00:00,139,5,30.0,18bb35f944dfb0cc483d4c14c61d46079167bf54bab259494f1b7c29c0b6bbda,66989bc1b3c3cf44f2db3bd6d1f52f7bdcf24f8dfd8bf3c3d03c6629038e254c,Porto. Free Wi-Fi
115,a796e3709e680574c60a10db31764c174b38595e161489aceacf2b641153f487,2024-09-18 15:00:00,0,0,7.0,069a1d0dc6ad8f9b0bb4efb383ea5dab10cb138ca339091a48832e35dad4ecad,fb635831ddca59a6749331693fa8058d5eeddc26eff8af8741e1a08a1931f428,Porto. Free Wi-Fi
116,c42c0b8175913a14c23db879fac8c6d0eda6f5fb514938e35442a4ebda8fad86,2024-09-12 03:00:00,0,0,0.0,fef6c4e217a3b9557a45fd07f485be25305ad185b26f039e14989b509a9b08cc,0aa49fdeb89f751e939a0e7f9a7bd64f70684db8a0cf46ac6598c3ead64eb17a,Porto. Free Wi-Fi
117,9cd4006e1848adf6d5c186a802bb7ca4587ada3dab6871d4724fdac0645cbe37,2024-09-12 05:00:00,16,2,30.0,7702994bb3979a85e771fac5ef44a361469d63c0454c374d4bb976726481e1d4,0c1d109fd5305082f00fce504a5008365d73b5e3f84069ca689d7d20c3b3d7eb,
118,70a8cf3b6353632a712329fe8c2dc63f9f9037d1b5618e2a0ff254756a6834f4,2024-09-18 10:00:00,0,0,5.0,d52a015aadcfa2252d41733642e2f5f204d24585c329ba310061d936f52bb31f,7098d542da8d31155917668e73784783715228171387e1fd33ca712016827663,Porto. Free Wi-Fi
119,d8eb2d1c308c670c9bbb3831bbb7f95d4d7cc72117a509ffe3706d682e00c106,2024-09-18 16:00:00,0,0,0.0,721044da2499f5915c622045e9e32c9bc8dec18fd5f31cbb04bc6d280bbe46e7,306788eaabf0726c0d38072cff1bea67aa253e35cd63cf55de4ecea5787321b9,eduroam
120,7e8c21cd35da59e76aa96a4921f42c31f98de4e689b782f23f7e2506d78dd5ef,2024-09-18 11:00:00,0,0,5.0,b2e8a3f17343c5717a69dfcfa69790ab0b71c00828195a4e772210899cd5e0ee,71356742cba9643b7ac2be2411b3bfe66f89ec664847a51bdbacf31fd03962f8,Porto. Free Wi-Fi
121,f9b6c7eeea2045102035da1069bad130085dafadcd7ad17f1d4362324d44e7f7,2024-09-18 16:00:00,0,0,5.0,61bc57e4f152399ec629d8c2236002fc41bbaf0cb756b45ccfdd53bbc35ed5f8,fb635831ddca59a6749331693fa8058d5eeddc26eff8af8741e1a08a1931f428,Porto. Free Wi-Fi
122,30b2703005b16c9107a9318196a265147ce0368927ed3967a6de4a3ab34f74ea,2024-09-18 12:00:00,33,9,40.0,68067b45e15228f853b2325b6588b492d0d0c6b6d72c0b0fdcd042d641c07c70,b715b6d508f3617aeffc2c727c60e5e02c05a0540bb88a54b74d401c16708f63,Porto. Free Wi-Fi
123,b4710c8e1ea10afacf38616bac8f1e86c85b4400077473196612af9eba8fd110,2024-09-12 01:00:00,0,0,0.0,9c4f18e94ce3edb2e994fce78a88c4293973909cf3235d0bb838b27ef0ebed5d,55c24a0bff87ac512fbf718e87268746109015ee49e3ea30ae434da6f3b8655c,eduroam
124,2eac27f5f2c9cc44fb125f6ba60341ba1efce95954d912645cc07c409a6069f7,2024-09-18 13:00:00,0,0,0.0,6210841c4741567b291d7bbecd049b92a0b449600c9b21fefd298fcf12f18028,2d214649d2fc83929c5180eb473420d7b7a214e2e0be336c7d6be356c1f742b1,Porto. Free Wi-Fi
125,1353cc8c39915f36f5795e08a136d695ff7995b50e37c90e55d274ae3606c300,2024-09-18 10:00:00,1,21,,9805372c66419a869c1b996787c0c9d8e02bc43de62aad7dfdff840ee64dddd7,712ab2af64efb9bc13a82847623bfc86f0b70a625066b61cb160573eeb0da1db,eduroam
126,88c891321997282f11c7e26cfb5197387c5fe79f9f2600ebbf84927577510234,2024-09-12 05:00:00,0,0,0.0,e053b57523826614b937ded2c13add315aebd115af0f6bb8241d68fc6eefef37,2b40944c1952a453ce5b81583ff3c9d1f83d4e70a6cb00cfd673bbc3f99d0a77,eduroam
127,cb3bd90e68e2e6956d90794921a4665ab70c8dc1c4e01fe9a958d5560760cc11,2024-09-12 01:00:00,0,0,4.0,6787ecc8de22202f91de62097fd05b0d6cd704fa9047bc58b5085bc1d165665f,f7e65d06ecc77fb0b1d76fdcc33f153f56f2d6a5c8f69953cbfa10cc3c911738,Porto. Free Wi-Fi
128,6c318cdf1a782fae87082a47cd7ed0a8b4aaa4319e54ae1fbfbd140ed69c00fc,2024-09-18 10:00:00,0,0,0.0,e5098e48e344010934f28c8569b107673acd1ba2eeb0b674cd7973730f6c4765,87fd7b327e5afec3d8d878764e8ffc14fd2c09cfbeca4bfb9afbeb2570b6a82f,eduroam
129,32bbf25393e357f2e349947205d26a3fbe487d0d6827d0b0776d24e1a30bf2f5,2024-09-12 04:00:00,0,0,0.0,9c4f18e94ce3edb2e994fce78a88c4293973909cf3235d0bb838b27ef0ebed5d,55c24a0bff87ac512fbf718e87268746109015ee49e3ea30ae434da6f3b8655c,eduroam
130,30ef8f67975d8c6f61f17793de733426e9d259a2620dfd299898b95fa52987d0,2024-09-12 06:00:00,2,21,7.0,4fcee32e0202dd8bd511817b5ac92d2a15d4eb7e71d198a3734fef329563c253,7098d542da8d31155917668e73784783715228171387e1fd33ca712016827663,Porto. Free Wi-Fi
131,45a91e82899156546d571eb1b14256d71c85fd0700c7c4aa4ac2d2512088bf6d,2024-09-12 07:00:00,0,0,0.0,18598e109c3d2196276f7245e655044e2afec5630aa19fc2954e9869c6f432b6,55c24a0bff87ac512fbf718e87268746109015ee49e3ea30ae434da6f3b8655c,eduroam
132,49b5c8480f5359a76d3e34a9ddcb8b3700d46ad2e81cf428ee7a543ee86cebf2,2024-09-12 05:00:00,4,28,14.0,9f94a63d538f934573b9d681e667cfc927181a346766ec9abe6a2dd85986e491,1ae875b94679f3bad8501c335fb784ba32bdb01e7640464fca31714c23007c69,eduroam
133,94a3c168e1f138b1f11c53fd7b5b94b65b36edca1b44e9aa7ebda0fff187748d,2024-09-12 01:00:00,3,25,32.0,2704a66738177dfb732b7e12814635b2379e9d00d277462444a105c90240fae5,7098d542da8d31155917668e73784783715228171387e1fd33ca712016827663,Porto. Free Wi-Fi
134,94a3c168e1f138b1f11c53fd7b5b94b65b36edca1b44e9aa7ebda0fff187748d,2024-09-12 05:00:00,3,25,30.0,2704a66738177dfb732b7e12814635b2379e9d00d277462444a105c90240fae5,116711eb9cb7f81c017f616cf85401dc05a67a9d6244f00382b5debaf9863a36,Porto. Free Wi-Fi
135,3691559397f466a4757e4b9af3631f4aed730ad28eb61ed9a1185160e1af90e3,2024-09-12 01:00:00,0,0,3.0,a04553c31c0ac8f82460fcf80f4d4532d60ee7e4db4849128994de5b9dec3743,71356742cba9643b7ac2be2411b3bfe66f89ec664847a51bdbacf31fd03962f8,Porto. Free Wi-Fi
136,91e734b01e0249c217ff306810838412ad9eab34b5c056b4bb9ae6bf1a1f3500,2024-09-12 01:00:00,1,2,10.0,ac8181bef42366d8d628c923236b0ba205fe73b48243e6395812b8f1fefb60d7,c179b136c67ce3996bc38f2684531969dda73ac0ad8e319aaacecdf97be04d43,eduroam
137,95514d0bc35080637b255300ed02d347a2ba8ff6d61818929999f0c434000a0d,2024-09-12 06:00:00,1,4,1.0,aff5b7218430106765dad78c04de81fdbb3dce02e7c78be970ad3be3a50c5ba8,a9623ebc2984a20de78d660be9953231f9a2357415fdaca372ac8480fd811ae5,Porto. Free Wi-Fi
138,270111a45a5b30a8d5941610e56d343dbc52c8f098b37673188541fb87ec6cd6,2024-09-12 03:00:00,0,0,4.0,e6dacde7d117bf71b66781e5afb89f35d5b2d46ad47e3fcaa1e71a6cb8e8e233,c179b136c67ce3996bc38f2684531969dda73ac0ad8e319aaacecdf97be04d43,eduroam
139,75c87862a4f6466c53d618636e3a175f8a4430f93eaf7994ea68995a1756b50a,2024-09-12 02:00:00,0,0,,76ab108f6bd053233cad43dc1c1b774a256b1fe2e1ca90d79306c7063a2267da,b5fcffa8768a09dd24766b0d01b15491306cd47feac39804e77e5cb1b7df0fb0,Porto. Free Wi-Fi
140,9b997e0e1d6a5e0939d08968d8b936541460f40c53dad444d6481ce45c9dab67,2024-09-12 02:00:00,0,0,0.0,aff5b7218430106765dad78c04de81fdbb3dce02e7c78be970ad3be3a50c5ba8,a9623ebc2984a20de78d660be9953231f9a2357415fdaca372ac8480fd811ae5,Porto. Free Wi-Fi
141,d5def792ab2ace2ece0403d4ffec0aa1b3b3bd7c3b4580bce268074975af0a6b,2024-09-12 05:00:00,0,0,0.0,aff5b7218430106765dad78c04de81fdbb3dce02e7c78be970ad3be3a50c5ba8,4cad16c07e8c4d222c35d87e0e91ca7f748373f1733a74e0cd7c6e2a295726b4,Porto. Free Wi-Fi
142,9ba7253cba158c0aaa582b28b3b124958990ed5099136d6e406a9323c52d0714,2024-09-12 04:00:00,0,0,1.0,7f6442936886ff71b5a59c8ff8347a4dd13593fe55ac4c8f62d509973fbe90d4,43f33e10bf0145209ef98de0636be3023fe3521e16ec64fd4ad09b7d8216b166,Porto. Free Wi-Fi
143,a41d55fc435116ed34f201a0e87adb31462aa0a0d14698c51980291a7090709e,2024-09-12 01:00:00,0,0,4.0,7bef20035e77c9156faccb6ad62e535f7ff7498a14cd6a9bb19db36653ec065a,000a9b5f3e9924b838334ddc856fb44e865abff86f6ef27d4297d10436481d33,eduroam
144,b4710c8e1ea10afacf38616bac8f1e86c85b4400077473196612af9eba8fd110,2024-09-12 01:00:00,0,0,5.0,9c4f18e94ce3edb2e994fce78a88c4293973909cf3235d0bb838b27ef0ebed5d,55c24a0bff87ac512fbf718e87268746109015ee49e3ea30ae434da6f3b8655c,eduroam
145,88c891321997282f11c7e26cfb5197387c5fe79f9f2600ebbf84927577510234,2024-09-12 02:00:00,0,0,3.0,e053b57523826614b937ded2c13add315aebd115af0f6bb8241d68fc6eefef37,ea1a7dd037f1871ad84ebad64fbd1dd27a290cfbf04c8e4b5d2e9356bbb7fbb2,eduroam
146,49b5c8480f5359a76d3e34a9ddcb8b3700d46ad2e81cf428ee7a543ee86cebf2,2024-09-12 01:00:00,3,22,10.0,9f94a63d538f934573b9d681e667cfc927181a346766ec9abe6a2dd85986e491,edb515855760a3a638384bf965de128a371a40e07dcff672c8f15fb6f3aa1d8a,eduroam
147,967e37f87637eab08278ab2560ccc4cdbba143ca41396df35b04a602e0ef1c71,2024-09-12 02:00:00,0,0,0.0,c704274830dd7f25636af023338d6f3f3276062309dd91b79cf63c0b7ffcefc0,a1227438a31bab078b9b4f9b32a97ab2d09a6fe301883e2be92a481adfd0c546,Porto. Free Wi-Fi
148,3bef6ba9848205783d1b4676a4a78901bd0da9afe5dc9afa6c6d2d69debc7241,2024-09-12 04:00:00,0,0,0.0,025f312fbf52e8719c507d7be118fc26fc06f29147c3e018635e930f326e2ccb,b87e9da5dee6ce031963d1584faa2edb6947430a0aa71dec705fbb1a8cce49fd,Porto. Free Wi-Fi
149,49b5c8480f5359a76d3e34a9ddcb8b3700d46ad2e81cf428ee7a543ee86cebf2,2024-09-12 06:00:00,3,24,11.0,9f94a63d538f934573b9d681e667cfc927181a346766ec9abe6a2dd85986e491,620c92c2da6585d06dadc6a039ff10cd999ed43a7f1fb9fc3c0e7f3c020bf07d,eduroam
150,5bc8c9c73d64091e13ec1bd686b88ad242519620fcd9bcc44617127ccf31e01d,2024-09-12 05:00:00,2,1,211.0,def605e6f8fbcc038a318f863da9c48b8768d53fc0c27860af261651317b69df,6215614cbdd27aeba09d92810efdb161e2f4f4ef871973a6e93f59e001349c80,Porto. Free Wi-Fi
151,3bef6ba9848205783d1b4676a4a78901bd0da9afe5dc9afa6c6d2d69debc7241,2024-09-12 04:00:00,0,0,2.0,025f312fbf52e8719c507d7be118fc26fc06f29147c3e018635e930f326e2ccb,cf67af68bb7bde4198ab62667d5bf114e9501c55cf4512a1d8f7cc2305817f1f,Porto. Free Wi-Fi
152,49b5c8480f5359a76d3e34a9ddcb8b3700d46ad2e81cf428ee7a543ee86cebf2,2024-09-12 01:00:00,4,26,13.0,9f94a63d538f934573b9d681e667cfc927181a346766ec9abe6a2dd85986e491,4117cecd54cd080ae324a47fecd0300ceb1d3a4affb9601b08d2a6a9bff0c87b,eduroam
153,75c87862a4f6466c53d618636e3a175f8a4430f93eaf7994ea68995a1756b50a,2024-09-12 01:00:00,0,0,,76ab108f6bd053233cad43dc1c1b774a256b1fe2e1ca90d79306c7063a2267da,c6bc0a6ca7318f1a35e3a35d12c6580a6d40ba5a4ddd63046018d839daefbe57,Porto. Free Wi-Fi
154,30ef8f67975d8c6f61f17793de733426e9d259a2620dfd299898b95fa52987d0,2024-09-12 06:00:00,2,21,7.0,4fcee32e0202dd8bd511817b5ac92d2a15d4eb7e71d198a3734fef329563c253,81fc66ca77e56b922c0f76a5af15bd7db07849296f6eb99db7e709feed9d890b,Porto. Free Wi-Fi
155,2da9434549b208ebef136bb041e45f8f805749783ae7bf6fecd07470d508b211,2024-09-12 07:00:00,0,0,0.0,aff5b7218430106765dad78c04de81fdbb3dce02e7c78be970ad3be3a50c5ba8,f7e65d06ecc77fb0b1d76fdcc33f153f56f2d6a5c8f69953cbfa10cc3c911738,Porto. Free Wi-Fi
156,3c8b95d0930dba61041399b36623589afccdf63957b50123bfe3b1f7248c0d4e,2024-09-12 04:00:00,7,270,30.0,f858b3cde27051b896ce31e62c981364b0e788b4cde61a165de38fbf4e29b18e,55c24a0bff87ac512fbf718e87268746109015ee49e3ea30ae434da6f3b8655c,Porto. Free Wi-Fi
157,37b264deaf545749b2fd6d9b0c426ab5c19f2ccef86211b582d8826a0f1a2a5d,2024-09-12 03:00:00,0,1,3.0,64cba1513a5bdd71f8848e24d4594a82d8ccc4d56c7c029736475e794a5451c5,a624b94f6637ac8e51fab1d1d6bc1eca5c8949e4e57783ed2b1d95da5a477902,eduroam
158,2da9434549b208ebef136bb041e45f8f805749783ae7bf6fecd07470d508b211,2024-09-12 05:00:00,0,0,0.0,aff5b7218430106765dad78c04de81fdbb3dce02e7c78be970ad3be3a50c5ba8,4cad16c07e8c4d222c35d87e0e91ca7f748373f1733a74e0cd7c6e2a295726b4,Porto. Free Wi-Fi
159,4063080b4c48678a23a47dfa383f930312e53de6574b19c27544172ab608f4da,2024-09-12 05:00:00,0,3,1.0,aff5b7218430106765dad78c04de81fdbb3dce02e7c78be970ad3be3a50c5ba8,a9623ebc2984a20de78d660be9953231f9a2357415fdaca372ac8480fd811ae5,Porto. Free Wi-Fi
160,a4f44ac723a846ef254554441ef8592f32fc263c99246d658f77abbd1b76dc43,2024-09-12 02:00:00,2,3,30.0,372484e0638bf5154a5562831d1596a4622c175fa94f132098265c538fd26393,61943639f57b1ccb51fd4c2519bcb973d46677c49ecc2b4d1d6d4717ad593d46,Porto. Free Wi-Fi
161,5e0beb394511e46af8a09965de7890cf28742a3b3cc336e8c794032435ab0ff7,2024-09-12 01:00:00,1,18,56.0,d441038f331ab052f9eafd1ef6a38267fd729853cd0a09c873a076c91ab0d9cd,b715b6d508f3617aeffc2c727c60e5e02c05a0540bb88a54b74d401c16708f63,Porto. Free Wi-Fi
162,ee6b015dbe28a793cf5c408076a2f05f9d9d99ffe1613b9d47c18884145ae02a,2024-09-18 15:00:00,0,3,9.0,7c8b5bafdec7ac1b5288036c006bcdb6aa8daa29df6ad3502ca9766c6908d859,b88058e804df91821218cfbafff1f73fb51a2df116dfe7a370501be83eac24ff,eduroam
163,d2e8f9902708c79b41eada89fee657ed06a7f397b091ecdb58d45e3f3ca134a3,2024-09-18 10:00:00,1,2,8.0,8834cb8106f31222aab60af9d24e59f8046dc60870e667ec7f6e15083e55bcef,3f96d689d9ff0c011de39cf41bddbdf8a3e11995926cdba23ca63120fe216653,Porto. Free Wi-Fi
164,488795f96b98aefa9aaaa67fc4cf5411dc78d22dcc504f280e6f8154f2c0ce0c,2024-09-12 03:00:00,0,0,0.0,aff5b7218430106765dad78c04de81fdbb3dce02e7c78be970ad3be3a50c5ba8,4cad16c07e8c4d222c35d87e0e91ca7f748373f1733a74e0cd7c6e2a295726b4,Porto. Free Wi-Fi
165,ec59a043f71dc2f857fecf30898dce1dcc95c79d9117fb22f3f2b0718b11bcdf,2024-09-12 03:00:00,0,0,3.0,60c3408f6a61ce8be25bfa20f6d726f536f4eddfd620a264ec2581411eed0cfd,306788eaabf0726c0d38072cff1bea67aa253e35cd63cf55de4ecea5787321b9,Porto. Free Wi-Fi
166,7ab18fc48561d8a89795c8f05acdb0e784ffbb3cd61e54d58d29763e8d5be03f,2024-09-12 03:00:00,0,0,0.0,aff5b7218430106765dad78c04de81fdbb3dce02e7c78be970ad3be3a50c5ba8,a9623ebc2984a20de78d660be9953231f9a2357415fdaca372ac8480fd811ae5,Porto. Free Wi-Fi
167,d430580c75d32c656aa644a14d0606a3ed7ec439127acacaacdbe4cc7cc0eeb3,2024-09-12 07:00:00,0,0,0.0,aff5b7218430106765dad78c04de81fdbb3dce02e7c78be970ad3be3a50c5ba8,4cad16c07e8c4d222c35d87e0e91ca7f748373f1733a74e0cd7c6e2a295726b4,Porto. Free Wi-Fi
168,24781e6e1167370cb947150b2a7ea1dfd1b30fa72cf88dc636819bc7882b8c00,2024-09-12 03:00:00,0,0,0.0,a1b5475191cbe73bff8f88915727f64975a0fd3927337fbc54d21704234ddafd,999536106cf99887c1e60f494875d7c83cd03065e6c714c854435ace3161a623,Porto. Free Wi-Fi
169,1c0c77e40d6d445f0ca34cbde8d74c97eaa21d5f13235c1dbb0dd9a283264dd6,2024-09-18 13:00:00,0,0,0.0,cc90ab968dbdefb3517c4545b8dd34e0ff996b4eabf7030c749a2d4edce4a60e,04ca1153de9afc12ec035bf0a1652c0b4cadf9bb5b47d96cbd54327591087056,Porto. Free Wi-Fi
170,588e4ab203bd3fffb8dec39a295a22391d791d08306cc33db220c53c7f93f448,2024-09-18 14:00:00,0,0,6.0,a5b17a285578cf5029a44feb377c3e533fc144259718e6afc7a9fc6993d18559,a9623ebc2984a20de78d660be9953231f9a2357415fdaca372ac8480fd811ae5,Porto. Free Wi-Fi
171,c320c04038c7113cbe3e1c5d7028834b06e72d91e819f0aea871cea835102250,2024-09-18 11:00:00,0,0,,64b684e78d10d00be00a1c00a7a4dbd8d721acda212d412d56efc93f01d6f138,4f6dc1d796ba1733b53641bcee957694bc26bf1426f03d0f8e2a2471c9e6c927,eduroam
172,3742c4e07e28d3722016d5562fe807ee1dbb76e470ff3baa9762696246c6af0e,2024-09-12 07:00:00,4,8,10.0,fc8a1c5b7884889d818219339993d66f39ae63cf63f54eebdca1b4966a8e91fc,c179b136c67ce3996bc38f2684531969dda73ac0ad8e319aaacecdf97be04d43,eduroam
173,395039edf94ebcb1fa9a5bd1b8c4b824c814bdd137a311add38df54ff2a6ca8b,2024-09-18 11:00:00,0,1,4.0,7fa3e764296d8e0de4574709aba71301c37d86639a0d0d887f0619de5357e4f9,3f96d689d9ff0c011de39cf41bddbdf8a3e11995926cdba23ca63120fe216653,Porto. Free Wi-Fi
174,f9f07419835ab0efaefd7d0191f40ab155b6d89d729d81587593e52823276ef5,2024-09-18 10:00:00,0,0,4.0,8fa63edbb23ced8e171b2aafe4f720bed884621ab5878caacc14226774220176,43f33e10bf0145209ef98de0636be3023fe3521e16ec64fd4ad09b7d8216b166,Porto. Free Wi-Fi
175,fbbd3e01f9b1f52d1e1bc8bda08575ab11da89f6500b41031dd3647a7a82f1f2,2024-09-18 10:00:00,1,7,7.0,c361f471002a7f51c4da595009a1998bd21d5edaba81fd49d5d20427fe87fdc1,37959aa115d8e097cd01243fd28292c695e94fcacc69e3a0e817df6897b0cdaa,Porto. Free Wi-Fi
176,607c00444fa9c93f57891b770478b725008eabf2ba5773e87705d93e5353232b,2024-09-12 05:00:00,0,0,5.0,cca9a496ae154def8c81fad31178e8b7190948416a26c981c6c184c0f03078e0,0b80186c99c951bbf98af000b970efaa7039dfc1bfcb46c3fdba1ac63fc5f578,Porto. Free Wi-Fi
177,dc37ece713f7595af9db05d809137de5374c396cca00c58b9aabbd21b45d02a4,2024-09-12 03:00:00,1,2,6.0,87e9de860681a00e039c7386c10e094ee7ebf77cfa90e32bf65dec21d5b79fc3,55c24a0bff87ac512fbf718e87268746109015ee49e3ea30ae434da6f3b8655c,Porto. Free Wi-Fi
178,7463c279e6f398fd82b1af8d0d4e2d69777f77a61224743051ab53d9817539ce,2024-09-12 03:00:00,0,0,3.0,a78b00517ab9bedf81018b4e28a2639563968dcb837febecb782648374a658ae,679871ac7b59c2a7d76be1a74e9a7e3fb224faa494b1fbe96412772e26268180,Porto. Free Wi-Fi
179,a9ca6a73f9d788d65a69595765d8c303ca930754440577402f17a0977484e0e9,2024-09-12 07:00:00,0,0,6.0,7063860765d00f95a0c06a6f721fa1ac966a080c3583a94c2a45cc8339cdf9b3,a9fe5a7925c5a026d9148a8b48989ef93d09134ad235d2b673ec879baa8cb951,Porto. Free Wi-Fi
180,0785cccd8728182d6e7f2e136d6414229ee2d1ba5ef7f36cd0827e4da740fbcf,2024-09-12 04:00:00,0,0,7.0,4624dcab41f711701825678169090ba41b513a8022d587d05facaa7ccbea660c,40bf3519cde90d35ae8e5f741cc77cc0629ea8f01b765e737b1c35e02570ce5b,Porto. Free Wi-Fi
181,6f8c5e2ee8b615dc54c3c570b5495304c4bd2d71606612e16ed02260a12952d5,2024-09-12 04:00:00,195,241,97.0,aec60bd32fa9a044b33df1e2252a7c625d30f4b2653b7e8819be5edf5054c0ac,b715b6d508f3617aeffc2c727c60e5e02c05a0540bb88a54b74d401c16708f63,Porto. Free Wi-Fi
182,643793ade91bb23fc1279a55279619f5a60d6560dad876a30ae1f93136a1ce51,2024-09-12 04:00:00,1,10,1.0,aff5b7218430106765dad78c04de81fdbb3dce02e7c78be970ad3be3a50c5ba8,f7e65d06ecc77fb0b1d76fdcc33f153f56f2d6a5c8f69953cbfa10cc3c911738,Porto. Free Wi-Fi
183,506822ccc84b905f7431ff1d09f9fc08d3f9f9b33cc77cbe45c2620810424d6e,2024-09-18 12:00:00,12,450,52.0,6dfbaaa6bf9dfa18822dc8c3aba99a6aebb7503c32dbd3865942ed48ec114be0,9c7c1cd6aa2ce7cacb6f8df8541d07b89298ee36b9f23a8032e70c020a066be6,Porto. Free Wi-Fi
184,d06fd93a9b3ab92ab50b0f6cc5cce6480723903699371fe779c75391ddfb82ab,2024-09-12 02:00:00,0,0,2.0,ac4269e53132c184187cbe5f0fd616cebd4f5f6f8700d8e1eed261a4c9fbdfb3,ea2e39e0d32082b803c0100edc002f8b011fb9381f725fc2867ba7fab23237f1,eduroam
185,d06fd93a9b3ab92ab50b0f6cc5cce6480723903699371fe779c75391ddfb82ab,2024-09-12 06:00:00,0,0,2.0,ac4269e53132c184187cbe5f0fd616cebd4f5f6f8700d8e1eed261a4c9fbdfb3,727e0fb0fb7c6257a90722ee25d18fd8136e688156b4fcfda7e6719dce69b6f9,eduroam
186,94a3c168e1f138b1f11c53fd7b5b94b65b36edca1b44e9aa7ebda0fff187748d,2024-09-12 03:00:00,3,25,37.0,2704a66738177dfb732b7e12814635b2379e9d00d277462444a105c90240fae5,a624b94f6637ac8e51fab1d1d6bc1eca5c8949e4e57783ed2b1d95da5a477902,Porto. Free Wi-Fi
187,e68b959ea5f5fc75023860ddaf54dc361ed4d87e65374bd85160036de4b67ed5,2024-09-18 13:00:00,1,11,31.0,1d473f3e99b9a27614f5223dd920d151b4b53cf892330336ff4187630ade6ed6,4931b333e7712f1a0d370752c3d4299d897838d1d0b3f664eeeea8006b87e500,eduroam
188,66fc5a164f88f7b24672e074c0618c8657636eeaebf3f5263b4b073b0790c30a,2024-09-12 07:00:00,0,0,0.0,aff5b7218430106765dad78c04de81fdbb3dce02e7c78be970ad3be3a50c5ba8,4cad16c07e8c4d222c35d87e0e91ca7f748373f1733a74e0cd7c6e2a295726b4,Porto. Free Wi-Fi
189,cf8c0af91c014949a9df7805f45161a2def432b8afe0f1df91ef667225ddb4c6,2024-09-12 05:00:00,0,0,0.0,67004872f49151a450a1a06a7b2e9759f247cc87c718fb264782dd56d4155019,55c24a0bff87ac512fbf718e87268746109015ee49e3ea30ae434da6f3b8655c,eduroam
190,003aa2617a73e5eb23885e9f21a77d407bcc265679429fac855156cb6acbbd08,2024-09-12 07:00:00,0,0,0.0,0841e636545b403cdb3ae3b4112437562410e3930ccaa750b353e7c14403e6e9,f7e65d06ecc77fb0b1d76fdcc33f153f56f2d6a5c8f69953cbfa10cc3c911738,Porto. Free Wi-Fi
191,a55cc4c191967a1d2da5d52deb5dc9dc1d0ce8da687fb120d1b8c8df064d643d,2024-09-18 16:00:00,0,0,3.0,e15c59bdbcd95e79c4b6173b07fe3dd24e5ca9601f906be1a972f427af5a4fd8,1ae875b94679f3bad8501c335fb784ba32bdb01e7640464fca31714c23007c69,eduroam
192,304ce3d92612aaf3f68594d67f1c6bfc1708b239490a1c0e8ac04badc68fcc32,2024-09-12 02:00:00,0,0,0.0,d46ad90272b30c8fdf764666e6b931e8343c12025dd11a0b27d31b6d54a40df4,0b160f8f21b9a0df4d7441b13411dfabb0cf7414477f8131182f8bc47fd80556,eduroam
193,00b44c1eb9a0b432cda4c767f8fd364b90e32caf677ec474372217e60489e41f,2024-09-18 12:00:00,0,0,5.0,ce8a03163a72da395d1a816873f970412a9dc94c9fbad083a1c594cc6542093c,4430c37124a740cbd88faa185d3213254c4d45282a21e2f529ad6db8892f58be,Porto. Free Wi-Fi
194,60754215dd88709657fd2f24744dbd5a21e5d037980849e7726fb74647278346,2024-09-12 05:00:00,0,0,6.0,a7b300210f3830d7cec3d4bfdd99aedccafd0cbff1cfa36637ee5b470a8ade99,000a9b5f3e9924b838334ddc856fb44e865abff86f6ef27d4297d10436481d33,eduroam
195,9d43430db68e557369729547cdef69ef4aaebc80e17163fa347c49f8ecc22adb,2024-09-12 01:00:00,0,0,0.0,aff5b7218430106765dad78c04de81fdbb3dce02e7c78be970ad3be3a50c5ba8,a9623ebc2984a20de78d660be9953231f9a2357415fdaca372ac8480fd811ae5,Porto. Free Wi-Fi
196,a5aae1876466eb667888d91d8026c8f800c98765ad5055ae0aafe73b6b9fb5f2,2024-09-12 02:00:00,0,0,10.0,cd7d560b9d860699cb9f31e88ad24deb4f80f047edf44f51346057a5433e3ed4,c5b75ca3821a19ebbaa99bfd055b16b36ef85c479c528735f86b6c24eacbc7a1,eduroam
197,efb430752584e1dd69cf201891596310a6fc82ba28bda61c3cd3ec5d5e14ba25,2024-09-12 05:00:00,2,7,10.0,417e4f4abd54d39d3bac4f85e5a7be1155248068f132d6a50857b1663e09b505,c5b75ca3821a19ebbaa99bfd055b16b36ef85c479c528735f86b6c24eacbc7a1,eduroam
198,75c87862a4f6466c53d618636e3a175f8a4430f93eaf7994ea68995a1756b50a,2024-09-12 07:00:00,0,0,,76ab108f6bd053233cad43dc1c1b774a256b1fe2e1ca90d79306c7063a2267da,88ce951563eab8f86b80209fdee7e7aca5ad32f4a146f5e0e15f584da1ce7e99,Porto. Free Wi-Fi
